{
    "accuracy": 0.9036944228099285,
    "precision": 0.9224167407508719,
    "recall": 0.8115824308062575,
    "f1_score": 0.8634574144608392,
    "roc_auc": 0.9612124794364876
}